{"USDAED": 3.672998, "USDAFN": 68.018868, "USDALL": 92.613644, "USDAMD": 387.449175, "USDANG": 1.795763, "USDAOA": 913.498582, "USDARS": 1001.764228, "USDAUD": 1.53215, "USDAWG": 1.794475, "USDAZN": 1.701424, "USDBAM": 1.845077, "USDBBD": 2.011887, "USDBDT": 119.074348, "USDBGN": 1.844015, "USDBHD": 0.376913, "USDBIF": 2942.924528, "USDBMD": 1, "USDBND": 1.334811, "USDBOB": 6.910312, "USDBRL": 5.77435, "USDBSD": 0.99642, "USDBTC": 1.085888e-05, "USDBTN": 84.146376, "USDBWP": 13.556668, "USDBYN": 3.260849, "USDBYR": 19600, "USDBZD": 2.008491, "USDCAD": 1.396375, "USDCDF": 2870.000232, "USDCHF": 0.88352, "USDCLF": 0.035201, "USDCLP": 971.28965, "USDCNY": 7.241904, "USDCNH": 7.24301, "USDCOP": 4392.39, "USDCRC": 506.509434, "USDCUC": 1, "USDCUP": 26.5, "USDCVE": 104.022604, "USDCZK": 23.879015, "USDDJF": 177.433962, "USDDKK": 7.04434, "USDDOP": 60.009434, "USDDZD": 133.403001, "USDEGP": 49.544602, "USDERN": 15, "USDETB": 122.638421, "USDEUR": 0.944285, "USDFJD": 2.265603, "USDFKP": 0.789317, "USDGBP": 0.78852, "USDGEL": 2.745055, "USDGGP": 0.789317, "USDGHS": 15.872492, "USDGIP": 0.789317, "USDGMD": 70.501531, "USDGNF": 8587.735849, "USDGTQ": 7.69238, "USDGYD": 208.365959, "USDHKD": 7.782635, "USDHNL": 25.176653, "USDHRK": 7.133259, "USDHTG": 130.896226, "USDHUF": 385.649497, "USDIDR": 15868.3, "USDILS": 3.74386, "USDIMP": 0.789317, "USDINR": 84.397901, "USDIQD": 1305.270705, "USDIRR": 42105.000204, "USDISK": 137.409805, "USDJEP": 0.789317, "USDJMD": 158.039227, "USDJOD": 0.709305, "USDJPY": 155.070195, "USDKES": 129.040227, "USDKGS": 86.498264, "USDKHR": 4047.169811, "USDKMF": 464.774976, "USDKPW": 899.999621, "USDKRW": 1392.784992, "USDKWD": 0.30746, "USDKYD": 0.83037, "USDKZT": 494.438732, "USDLAK": 21847.169811, "USDLBP": 89228.962264, "USDLKR": 289.90566, "USDLRD": 181.349912, "USDLSL": 18.013017, "USDLTL": 2.95274, "USDLVL": 0.60489, "USDLYD": 4.860377, "USDMAD": 9.955472, "USDMDL": 18.109434, "USDMGA": 4657.569139, "USDMKD": 58.061076, "USDMMK": 3247.960992, "USDMNT": 3397.999946, "USDMOP": 7.988227, "USDMRU": 39.656604, "USDMUR": 46.279731, "USDMVR": 15.450046, "USDMWK": 1727.838339, "USDMXN": 20.12425, "USDMYR": 4.469498, "USDMZN": 63.959493, "USDNAD": 18.015396, "USDNGN": 1674.810154, "USDNIO": 36.669811, "USDNOK": 10.98985, "USDNPR": 134.635849, "USDNZD": 1.693007, "USDOMR": 0.385024, "USDPAB": 0.996406, "USDPEN": 3.781379, "USDPGK": 4.009434, "USDPHP": 58.923498, "USDPKR": 276.90508, "USDPLN": 4.09315, "USDPYG": 7760.377358, "USDQAR": 3.633928, "USDRON": 4.699598, "USDRSD": 110.484986, "USDRUB": 99.751447, "USDRWF": 1370.578968, "USDSAR": 3.754093, "USDSBD": 8.36952, "USDSCR": 13.626278, "USDSDG": 601.500298, "USDSEK": 10.92942, "USDSGD": 1.339435, "USDSHP": 0.789317, "USDSLE": 22.601353, "USDSLL": 20969.504736, "USDSOS": 569.439334, "USDSRD": 35.538501, "USDSTD": 20697.981008, "USDSVC": 8.718786, "USDSYP": 2512.529858, "USDSZL": 18.010462, "USDTHB": 34.575505, "USDTJS": 10.591787, "USDTMT": 3.51, "USDTND": 3.139593, "USDTOP": 2.342102, "USDTRY": 34.48324, "USDTTD": 6.765974, "USDTWD": 32.474498, "USDTZS": 2647.963969, "USDUAH": 41.137364, "USDUGX": 3668.833313, "USDUYU": 42.773181, "USDUZS": 12779.124725, "USDVES": 45.783629, "USDVND": 25410, "USDVUV": 118.722009, "USDWST": 2.791591, "USDXAF": 618.830278, "USDXAG": 0.032072, "USDXAU": 0.000379, "USDXCD": 2.70255, "USDXDR": 0.757928, "USDXOF": 618.830278, "USDXPF": 112.508373, "USDYER": 249.900154, "USDZAR": 18.05749, "USDZMK": 9001.192708, "USDZMW": 27.526415, "USDZWL": 321.999592}